millis,stamp,datetime,motion
999, 1534172183, 2018/8/13 14:56:23, Inactive
1998, 1534172184, 2018/8/13 14:56:24, Inactive
2999, 1534172185, 2018/8/13 14:56:25, Inactive
3998, 1534172186, 2018/8/13 14:56:26, Inactive
5000, 1534172187, 2018/8/13 14:56:27, Inactive
5999, 1534172188, 2018/8/13 14:56:28, Inactive
6999, 1534172189, 2018/8/13 14:56:29, Inactive
7999, 1534172190, 2018/8/13 14:56:30, Inactive
8999, 1534172191, 2018/8/13 14:56:31, Active
9999, 1534172192, 2018/8/13 14:56:32, Active
10998, 1534172193, 2018/8/13 14:56:33, Active
12000, 1534172194, 2018/8/13 14:56:34, Active
12999, 1534172195, 2018/8/13 14:56:35, Active
13999, 1534172196, 2018/8/13 14:56:36, Active
14999, 1534172197, 2018/8/13 14:56:37, Active
15998, 1534172198, 2018/8/13 14:56:38, Active
16999, 1534172199, 2018/8/13 14:56:39, Active
17998, 1534172200, 2018/8/13 14:56:40, Active
18999, 1534172201, 2018/8/13 14:56:41, Active
19999, 1534172202, 2018/8/13 14:56:42, Active
21000, 1534172203, 2018/8/13 14:56:43, Active
21999, 1534172204, 2018/8/13 14:56:44, Active
22999, 1534172205, 2018/8/13 14:56:45, Active
23999, 1534172206, 2018/8/13 14:56:46, Active
24999, 1534172207, 2018/8/13 14:56:47, Active
25999, 1534172208, 2018/8/13 14:56:48, Active
26999, 1534172209, 2018/8/13 14:56:49, Active
27999, 1534172210, 2018/8/13 14:56:50, Active
28999, 1534172211, 2018/8/13 14:56:51, Active
29999, 1534172212, 2018/8/13 14:56:52, Active
30999, 1534172213, 2018/8/13 14:56:53, Active
31998, 1534172214, 2018/8/13 14:56:54, Active
32999, 1534172215, 2018/8/13 14:56:55, Active
33999, 1534172216, 2018/8/13 14:56:56, Active
35000, 1534172217, 2018/8/13 14:56:57, Active
36000, 1534172218, 2018/8/13 14:56:58, Inactive
36999, 1534172219, 2018/8/13 14:56:59, Inactive
37999, 1534172220, 2018/8/13 14:57:0, Inactive
39000, 1534172221, 2018/8/13 14:57:1, Active
39999, 1534172222, 2018/8/13 14:57:2, Active
40998, 1534172223, 2018/8/13 14:57:3, Active
41999, 1534172224, 2018/8/13 14:57:4, Active
42999, 1534172225, 2018/8/13 14:57:5, Active
43999, 1534172226, 2018/8/13 14:57:6, Active
44998, 1534172227, 2018/8/13 14:57:7, Active
45999, 1534172228, 2018/8/13 14:57:8, Inactive
47000, 1534172229, 2018/8/13 14:57:9, Active
48000, 1534172230, 2018/8/13 14:57:10, Active
48999, 1534172231, 2018/8/13 14:57:11, Active
49999, 1534172232, 2018/8/13 14:57:12, Active
50999, 1534172233, 2018/8/13 14:57:13, Active
51999, 1534172234, 2018/8/13 14:57:14, Active
53000, 1534172235, 2018/8/13 14:57:15, Active
53999, 1534172236, 2018/8/13 14:57:16, Inactive
54999, 1534172237, 2018/8/13 14:57:17, Inactive
55999, 1534172238, 2018/8/13 14:57:18, Inactive
56999, 1534172239, 2018/8/13 14:57:19, Active
57999, 1534172240, 2018/8/13 14:57:20, Active
58998, 1534172241, 2018/8/13 14:57:21, Active
59999, 1534172242, 2018/8/13 14:57:22, Active
60999, 1534172243, 2018/8/13 14:57:23, Active
61999, 1534172244, 2018/8/13 14:57:24, Active
62999, 1534172245, 2018/8/13 14:57:25, Active
64000, 1534172246, 2018/8/13 14:57:26, Inactive
64999, 1534172247, 2018/8/13 14:57:27, Inactive
65999, 1534172248, 2018/8/13 14:57:28, Inactive
66999, 1534172249, 2018/8/13 14:57:29, Inactive
67999, 1534172250, 2018/8/13 14:57:30, Inactive
68999, 1534172251, 2018/8/13 14:57:31, Inactive
69999, 1534172252, 2018/8/13 14:57:32, Inactive
70999, 1534172253, 2018/8/13 14:57:33, Inactive
71999, 1534172254, 2018/8/13 14:57:34, Inactive
72999, 1534172255, 2018/8/13 14:57:35, Inactive
73999, 1534172256, 2018/8/13 14:57:36, Inactive
74999, 1534172257, 2018/8/13 14:57:37, Inactive
75999, 1534172258, 2018/8/13 14:57:38, Inactive
76999, 1534172259, 2018/8/13 14:57:39, Inactive
77999, 1534172260, 2018/8/13 14:57:40, Inactive
78999, 1534172261, 2018/8/13 14:57:41, Inactive
80000, 1534172262, 2018/8/13 14:57:42, Inactive
80999, 1534172263, 2018/8/13 14:57:43, Inactive
81999, 1534172264, 2018/8/13 14:57:44, Inactive
82999, 1534172265, 2018/8/13 14:57:45, Inactive
83999, 1534172266, 2018/8/13 14:57:46, Inactive
84999, 1534172267, 2018/8/13 14:57:47, Inactive
85999, 1534172268, 2018/8/13 14:57:48, Inactive
86999, 1534172269, 2018/8/13 14:57:49, Inactive
87999, 1534172270, 2018/8/13 14:57:50, Active
88999, 1534172271, 2018/8/13 14:57:51, Active
89999, 1534172272, 2018/8/13 14:57:52, Active
90998, 1534172273, 2018/8/13 14:57:53, Active
91999, 1534172274, 2018/8/13 14:57:54, Active
92999, 1534172275, 2018/8/13 14:57:55, Active
93999, 1534172276, 2018/8/13 14:57:56, Active
94999, 1534172277, 2018/8/13 14:57:57, Inactive
96000, 1534172278, 2018/8/13 14:57:58, Inactive
96999, 1534172279, 2018/8/13 14:57:59, Inactive
97999, 1534172280, 2018/8/13 14:58:0, Inactive
98999, 1534172281, 2018/8/13 14:58:1, Inactive
99999, 1534172282, 2018/8/13 14:58:2, Inactive
100999, 1534172283, 2018/8/13 14:58:3, Inactive
101999, 1534172284, 2018/8/13 14:58:4, Inactive
102999, 1534172285, 2018/8/13 14:58:5, Inactive
103999, 1534172286, 2018/8/13 14:58:6, Inactive
104999, 1534172287, 2018/8/13 14:58:7, Inactive
105999, 1534172288, 2018/8/13 14:58:8, Inactive
106999, 1534172289, 2018/8/13 14:58:9, Inactive
107999, 1534172290, 2018/8/13 14:58:10, Active
108999, 1534172291, 2018/8/13 14:58:11, Active
109999, 1534172292, 2018/8/13 14:58:12, Active
110999, 1534172293, 2018/8/13 14:58:13, Active
112000, 1534172294, 2018/8/13 14:58:14, Active
112999, 1534172295, 2018/8/13 14:58:15, Active
113999, 1534172296, 2018/8/13 14:58:16, Active
114999, 1534172297, 2018/8/13 14:58:17, Active
115999, 1534172298, 2018/8/13 14:58:18, Active
116999, 1534172299, 2018/8/13 14:58:19, Active
117999, 1534172300, 2018/8/13 14:58:20, Active
118999, 1534172301, 2018/8/13 14:58:21, Active
119999, 1534172302, 2018/8/13 14:58:22, Active
120999, 1534172303, 2018/8/13 14:58:23, Inactive
121999, 1534172304, 2018/8/13 14:58:24, Inactive
122999, 1534172305, 2018/8/13 14:58:25, Inactive
123998, 1534172306, 2018/8/13 14:58:26, Inactive
124999, 1534172307, 2018/8/13 14:58:27, Inactive
125999, 1534172308, 2018/8/13 14:58:28, Inactive
126999, 1534172309, 2018/8/13 14:58:29, Inactive
128000, 1534172310, 2018/8/13 14:58:30, Inactive
128999, 1534172311, 2018/8/13 14:58:31, Inactive
129999, 1534172312, 2018/8/13 14:58:32, Inactive
130999, 1534172313, 2018/8/13 14:58:33, Inactive
131999, 1534172314, 2018/8/13 14:58:34, Inactive
132999, 1534172315, 2018/8/13 14:58:35, Inactive
133999, 1534172316, 2018/8/13 14:58:36, Inactive
134999, 1534172317, 2018/8/13 14:58:37, Inactive
135999, 1534172318, 2018/8/13 14:58:38, Inactive
136999, 1534172319, 2018/8/13 14:58:39, Inactive
137999, 1534172320, 2018/8/13 14:58:40, Inactive
138999, 1534172321, 2018/8/13 14:58:41, Inactive
139999, 1534172322, 2018/8/13 14:58:42, Active
140999, 1534172323, 2018/8/13 14:58:43, Active
141999, 1534172324, 2018/8/13 14:58:44, Active
142999, 1534172325, 2018/8/13 14:58:45, Active
144000, 1534172326, 2018/8/13 14:58:46, Active
145000, 1534172327, 2018/8/13 14:58:47, Active
145999, 1534172328, 2018/8/13 14:58:48, Active
146999, 1534172329, 2018/8/13 14:58:49, Active
147999, 1534172330, 2018/8/13 14:58:50, Active
148999, 1534172331, 2018/8/13 14:58:51, Active
149999, 1534172332, 2018/8/13 14:58:52, Active
151000, 1534172333, 2018/8/13 14:58:53, Active
151999, 1534172334, 2018/8/13 14:58:54, Active
152999, 1534172335, 2018/8/13 14:58:55, Active
153999, 1534172336, 2018/8/13 14:58:56, Active
154999, 1534172337, 2018/8/13 14:58:57, Active
155999, 1534172338, 2018/8/13 14:58:58, Active
156999, 1534172339, 2018/8/13 14:58:59, Active
157999, 1534172340, 2018/8/13 14:59:0, Inactive
158999, 1534172341, 2018/8/13 14:59:1, Inactive
160000, 1534172342, 2018/8/13 14:59:2, Inactive
161000, 1534172343, 2018/8/13 14:59:3, Active
161998, 1534172344, 2018/8/13 14:59:4, Active
162999, 1534172345, 2018/8/13 14:59:5, Active
163999, 1534172346, 2018/8/13 14:59:6, Active
164999, 1534172347, 2018/8/13 14:59:7, Active
165999, 1534172348, 2018/8/13 14:59:8, Active
166999, 1534172349, 2018/8/13 14:59:9, Active
167999, 1534172350, 2018/8/13 14:59:10, Active
168999, 1534172351, 2018/8/13 14:59:11, Inactive
169999, 1534172352, 2018/8/13 14:59:12, Inactive
170999, 1534172353, 2018/8/13 14:59:13, Inactive
171999, 1534172354, 2018/8/13 14:59:14, Inactive
172999, 1534172355, 2018/8/13 14:59:15, Inactive
174000, 1534172356, 2018/8/13 14:59:16, Inactive
174999, 1534172357, 2018/8/13 14:59:17, Inactive
176000, 1534172358, 2018/8/13 14:59:18, Inactive
176999, 1534172359, 2018/8/13 14:59:19, Inactive
177999, 1534172360, 2018/8/13 14:59:20, Inactive
178999, 1534172361, 2018/8/13 14:59:21, Active
179999, 1534172362, 2018/8/13 14:59:22, Active
180999, 1534172363, 2018/8/13 14:59:23, Active
181999, 1534172364, 2018/8/13 14:59:24, Active
183000, 1534172365, 2018/8/13 14:59:25, Active
183999, 1534172366, 2018/8/13 14:59:26, Active
184999, 1534172367, 2018/8/13 14:59:27, Active
185999, 1534172368, 2018/8/13 14:59:28, Active
186999, 1534172369, 2018/8/13 14:59:29, Active
187999, 1534172370, 2018/8/13 14:59:30, Active
188999, 1534172371, 2018/8/13 14:59:31, Active
189999, 1534172372, 2018/8/13 14:59:32, Active
190999, 1534172373, 2018/8/13 14:59:33, Active
192000, 1534172374, 2018/8/13 14:59:34, Active
192999, 1534172375, 2018/8/13 14:59:35, Active
193999, 1534172376, 2018/8/13 14:59:36, Active
194999, 1534172377, 2018/8/13 14:59:37, Inactive
195998, 1534172378, 2018/8/13 14:59:38, Active
196999, 1534172379, 2018/8/13 14:59:39, Active
197999, 1534172380, 2018/8/13 14:59:40, Active
198999, 1534172381, 2018/8/13 14:59:41, Active
199999, 1534172382, 2018/8/13 14:59:42, Active
200999, 1534172383, 2018/8/13 14:59:43, Active
201999, 1534172384, 2018/8/13 14:59:44, Active
202999, 1534172385, 2018/8/13 14:59:45, Inactive
203998, 1534172386, 2018/8/13 14:59:46, Inactive
